state,county,violent_crime,property_crime,fips_state,fips_county
alabama,autauga,55,384,1,1
alabama,baldwin,163,737,13,9
alabama,bibb,3,69,13,21
alabama,blount,313,812,47,9
alabama,calhoun,18,211,54,13
alabama,chilton,168,715,1,21
alabama,colbert,58,267,1,33
alabama,elmore,60,757,16,39
alabama,etowah,104,526,1,55
alabama,geneva,58,227,1,61
alabama,hale,17,39,48,189
alabama,henry,14,48,51,89
alabama,houston,103,580,48,225
alabama,jefferson,700,2311,55,55
alabama,lauderdale,37,165,47,97
alabama,lawrence,71,356,47,99
alabama,lee,420,1072,51,105
alabama,limestone,154,1015,48,293
alabama,lowndes,68,236,28,87
alabama,madison,380,2074,51,113
alabama,mobile,136,2375,1,97
alabama,montgomery,115,389,51,121
alabama,morgan,143,284,54,65
alabama,russell,45,351,51,167
alabama,shelby,98,690,48,419
alabama,tuscaloosa,215,1363,1,125
alabama,walker,84,587,48,471
alabama,barbour,34,100,54,1
alabama,bullock,6,46,1,11
alabama,butler,33,190,42,19
alabama,chambers,3,89,48,71
alabama,cherokee,48,357,48,73
alabama,choctaw,13,21,40,23
alabama,clarke,40,91,51,43
alabama,cleburne,6,136,5,23
alabama,coffee,23,138,47,31
alabama,coosa,25,157,1,37
alabama,covington,4,46,28,31
alabama,cullman,73,954,1,43
alabama,dale,44,194,1,45
alabama,dallas,109,501,48,113
alabama,dekalb,147,755,47,41
alabama,franklin,30,291,53,21
alabama,greene,32,99,51,79
alabama,lamar,9,67,48,277
alabama,macon,23,152,47,111
alabama,marengo,52,211,1,91
alabama,marion,19,153,54,49
alabama,marshall,102,511,54,51
alabama,monroe,39,108,55,81
alabama,pike,19,88,42,103
alabama,randolph,6,182,54,83
alabama,sumter,15,60,45,85
alabama,talladega,96,720,1,121
alabama,tallapoosa,21,118,1,123
alabama,wilcox,46,123,13,315
alabama,winston,19,83,28,159
arizona,cochise,189,616,4,3
arizona,coconino,105,422,4,5
arizona,maricopa,1389,5411,4,13
arizona,mohave,172,2425,4,15
arizona,pima,650,8851,4,19
arizona,pinal,219,2195,4,21
arizona,yavapai,249,1153,4,25
arizona,yuma,149,1001,8,125
arizona,graham,8,130,37,75
arizona,greenlee,1,51,4,11
arizona,navajo,85,441,4,17
arkansas,benton,125,712,53,5
arkansas,cleveland,11,94,40,27
arkansas,craighead,51,296,5,31
arkansas,crawford,30,299,55,23
arkansas,crittenden,143,275,21,55
arkansas,faulkner,116,941,5,45
arkansas,garland,296,1612,5,51
arkansas,grant,46,185,55,43
arkansas,jefferson,71,428,55,55
arkansas,lincoln,5,66,56,23
arkansas,little river,27,122,5,81
arkansas,lonoke,85,426,5,85
arkansas,madison,39,137,51,113
arkansas,miller,24,319,29,131
arkansas,perry,41,151,47,135
arkansas,pulaski,412,1805,51,155
arkansas,saline,167,838,31,151
arkansas,sebastian,62,222,5,131
arkansas,washington,198,583,55,131
arkansas,arkansas,13,108,5,1
arkansas,ashley,23,235,5,3
arkansas,baxter,73,632,5,5
arkansas,boone,199,320,54,5
arkansas,bradley,8,32,47,11
arkansas,calhoun,15,40,54,13
arkansas,carroll,44,191,51,35
arkansas,chicot,3,59,5,17
arkansas,clark,12,76,55,19
arkansas,clay,9,67,54,15
arkansas,cleburne,88,336,5,23
arkansas,columbia,12,51,55,21
arkansas,conway,50,252,5,29
arkansas,cross,25,143,5,37
arkansas,dallas,2,31,48,113
arkansas,drew,21,114,5,43
arkansas,franklin,68,203,53,21
arkansas,fulton,35,69,42,57
arkansas,greene,33,189,51,79
arkansas,hempstead,35,189,5,57
arkansas,hot spring,38,205,5,59
arkansas,howard,8,42,48,227
arkansas,independence,176,477,5,63
arkansas,izard,35,260,5,65
arkansas,jackson,24,128,55,53
arkansas,johnson,37,217,56,19
arkansas,lawrence,12,61,47,99
arkansas,lee,1,68,51,105
arkansas,logan,20,183,54,45
arkansas,marion,48,325,54,49
arkansas,mississippi,16,254,29,133
arkansas,monroe,2,48,55,81
arkansas,montgomery,10,85,51,121
arkansas,pike,2,53,42,103
arkansas,polk,30,96,55,95
arkansas,pope,79,379,27,121
arkansas,prairie,4,67,30,79
arkansas,randolph,33,173,54,83
arkansas,scott,22,91,51,169
arkansas,searcy,6,52,5,129
arkansas,sevier,24,69,49,41
arkansas,st. francis,25,272,5,123
arkansas,union,49,317,47,173
arkansas,van buren,28,177,47,175
arkansas,white,146,779,47,185
arkansas,woodruff,4,33,5,147
arkansas,yell,63,190,5,149
california,alameda,675,2202,6,1
california,butte,161,1229,46,19
california,contra costa,318,1525,6,13
california,el dorado,206,2003,6,17
california,fresno,1213,3334,6,19
california,imperial,137,641,6,25
california,kern,2187,9086,6,29
california,kings,165,473,36,47
california,los angeles,6118,17336,6,37
california,madera,451,1102,6,39
california,marin,91,776,6,41
california,merced,521,1504,6,47
california,monterey,243,1311,6,53
california,napa,56,217,6,55
california,orange,271,1178,51,137
california,placer,302,1447,6,61
california,riverside,775,7700,6,65
california,sacramento,2612,9224,6,67
california,san benito,51,144,6,69
california,san bernardino,862,5076,6,71
california,san diego,1486,4548,6,73
california,san joaquin,746,2961,6,77
california,san mateo,311,3109,6,81
california,santa barbara,272,1499,6,83
california,santa clara,383,1271,6,85
california,santa cruz,288,1794,6,87
california,shasta,527,944,6,89
california,solano,105,368,6,95
california,sonoma,636,1149,6,97
california,stanislaus,398,1647,6,99
california,sutter,87,600,6,101
california,tulare4,362,1883,6,107
california,ventura,176,817,6,111
california,yolo,56,282,6,113
california,yuba,224,1156,6,115
california,alpine,13,29,6,3
california,amador,87,356,6,5
california,calaveras,200,588,6,9
california,colusa,60,151,6,11
california,del norte,113,348,6,15
california,glenn,81,235,6,21
california,humboldt,273,949,32,13
california,inyo,84,170,6,27
california,lake,221,558,47,95
california,lassen,60,233,6,35
california,mariposa,107,269,6,43
california,mendocino,254,381,6,45
california,modoc,19,43,6,49
california,mono,16,58,6,51
california,nevada,174,620,6,57
california,plumas,146,293,6,63
california,sierra,5,24,35,51
california,siskiyou,54,241,6,93
california,tehama,89,432,6,103
california,trinity,75,179,48,455
california,tuolumne,173,622,6,109
colorado,adams,549,2895,55,1
colorado,arapahoe,305,2023,8,5
colorado,boulder,94,575,8,13
colorado,clear creek,15,79,8,19
colorado,douglas,292,2410,55,31
colorado,elbert,22,3,13,105
colorado,el paso,411,2096,48,141
colorado,gilpin,15,91,8,47
colorado,jefferson,218,2695,55,55
colorado,larimer,180,939,8,69
colorado,mesa,216,1326,8,77
colorado,pueblo,34,1162,8,101
colorado,teller,25,91,8,119
colorado,weld,150,745,8,123
colorado,alamosa,2,34,8,3
colorado,archuleta,26,113,8,7
colorado,baca,3,3,8,9
colorado,bent,11,111,8,11
colorado,chaffee,6,74,8,15
colorado,cheyenne,2,4,31,33
colorado,conejos,4,62,8,21
colorado,crowley,6,60,8,25
colorado,custer,9,101,46,33
colorado,delta,20,221,48,119
colorado,dolores,7,26,8,33
colorado,fremont,42,222,56,13
colorado,garfield,41,199,53,23
colorado,grand,4,42,49,19
colorado,gunnison,5,33,8,51
colorado,hinsdale,1,7,8,53
colorado,huerfano,15,102,8,55
colorado,jackson,0,7,55,53
colorado,kit carson,2,34,8,63
colorado,lake,8,56,47,95
colorado,la plata,45,190,8,67
colorado,lincoln,2,22,56,23
colorado,logan,6,119,54,45
colorado,mineral,1,0,54,57
colorado,moffat,8,51,8,81
colorado,montezuma,17,161,8,83
colorado,montrose,8,287,8,85
colorado,morgan,21,92,54,65
colorado,otero,6,63,35,35
colorado,phillips,0,8,30,71
colorado,pitkin,5,39,8,97
colorado,prowers,12,10,8,99
colorado,rio blanco,0,18,8,103
colorado,rio grande,1,4,72,119
colorado,routt,1,43,8,107
colorado,saguache,0,21,8,109
colorado,san juan,0,5,72,127
colorado,summit,45,261,49,43
colorado,washington,9,99,55,131
delaware,new castle,933,4308,10,3
florida,alachua,617,1939,12,1
florida,baker,88,331,41,1
florida,bay,357,2416,26,17
florida,brevard,729,4216,12,9
florida,broward,313,813,12,11
florida,charlotte,360,2051,51,37
florida,citrus,399,2037,12,17
florida,clay,514,2993,54,15
florida,collier,957,3873,12,21
florida,escambia,1400,8035,12,33
florida,flagler,228,1616,12,35
florida,gadsden,114,407,12,39
florida,gilchrist,25,70,12,41
florida,gulf,27,175,12,45
florida,hernando,457,2939,12,53
florida,highlands,250,2040,12,55
florida,hillsborough,2037,13751,33,11
florida,indian river,355,1902,12,61
florida,jefferson,107,180,55,55
florida,lake,489,2644,47,95
florida,lee,1299,6002,51,105
florida,leon,362,1914,48,289
florida,manatee,1484,4850,12,81
florida,marion,881,4517,54,49
florida,martin,323,2288,48,317
florida,miami-dade,5957,35112,12,86
florida,nassau,179,904,36,59
florida,okaloosa,512,2957,12,91
florida,orange,4367,23807,51,137
florida,osceola,836,4672,26,133
florida,palm beach,1893,12337,12,99
florida,pasco,1377,7375,12,101
florida,pinellas,647,4940,12,103
florida,polk,1206,5851,55,95
florida,santa rosa,234,1562,12,113
florida,sarasota,502,4440,12,115
florida,seminole,580,3079,40,133
florida,st. johns,318,2717,12,109
florida,st. lucie,223,1469,12,111
florida,sumter,259,966,45,85
florida,volusia,589,3073,12,127
florida,wakulla,88,507,12,129
florida,walton,151,1111,13,297
florida,bradford,55,207,42,15
florida,calhoun,22,56,54,13
florida,columbia,199,1012,55,21
florida,desoto,85,639,28,33
florida,dixie,84,246,12,29
florida,franklin,22,121,53,21
florida,glades,31,178,12,43
florida,hamilton,58,223,48,193
florida,hardee,49,294,12,49
florida,hendry,134,790,12,51
florida,holmes,64,257,39,75
florida,jackson,147,707,55,53
florida,lafayette,35,35,55,65
florida,levy,447,527,12,75
florida,liberty,12,69,48,291
florida,madison,158,237,51,113
florida,monroe,191,1015,55,81
florida,okeechobee,132,948,12,93
florida,putnam,169,1011,54,79
florida,suwannee,144,390,12,121
florida,taylor,180,262,55,119
florida,union,31,112,47,173
florida,washington,44,175,55,131
georgia,barrow,238,1153,13,13
georgia,bibb,924,7607,13,21
georgia,brantley,27,421,13,25
georgia,brooks,40,173,48,47
georgia,bryan,87,281,40,13
georgia,burke,40,237,38,13
georgia,butts,69,376,13,35
georgia,carroll,159,1315,51,35
georgia,catoosa,76,843,13,47
georgia,cherokee,119,1449,48,73
georgia,clarke,0,0,51,43
georgia,clayton,6,10,19,43
georgia,clayton,1543,8711,19,43
georgia,cobb,7,26,13,67
georgia,cobb,1221,11899,13,67
georgia,columbia,67,1963,55,21
georgia,coweta,109,1256,13,77
georgia,crawford,15,261,55,23
georgia,dawson,36,454,48,115
georgia,dekalb,0,0,47,41
georgia,dekalb,3184,23246,47,41
georgia,dougherty,1,98,13,95
georgia,dougherty,35,322,13,95
georgia,douglas,189,2025,55,31
georgia,echols,2,45,13,101
georgia,effingham,49,450,17,49
georgia,fayette,51,365,54,19
georgia,floyd,33,122,51,63
georgia,forsyth,125,1758,37,67
georgia,fulton,11,7,42,57
georgia,fulton,981,5339,42,57
georgia,glynn,0,0,13,127
georgia,glynn,182,1822,13,127
georgia,gwinnett,1604,15079,13,135
georgia,hall,267,1805,48,191
georgia,heard,13,111,13,149
georgia,henry,0,87,51,89
georgia,henry,351,3949,51,89
georgia,houston,98,1264,48,225
georgia,jasper,61,226,48,241
georgia,jones,27,329,48,253
georgia,lamar,8,146,48,277
georgia,lanier,24,119,13,173
georgia,lee,51,561,51,105
georgia,liberty,105,288,48,291
georgia,lincoln,24,129,56,23
georgia,long,20,190,13,183
georgia,lowndes,62,775,28,87
georgia,madison,41,402,51,113
georgia,marion,2,31,54,49
georgia,mcduffie,37,224,13,189
georgia,mcintosh,29,327,40,91
georgia,meriwether,52,244,13,199
georgia,monroe,28,416,55,81
georgia,muscogee,0,0,13,215
georgia,newton,357,1669,48,351
georgia,oconee,27,419,45,73
georgia,oglethorpe,32,216,13,221
georgia,paulding,180,2450,39,125
georgia,peach,23,273,13,225
georgia,pickens,74,322,45,77
georgia,pike,13,181,42,103
georgia,pulaski,57,235,51,155
georgia,rockdale,171,1683,13,247
georgia,spalding,148,1094,13,255
georgia,terrell,7,58,48,443
georgia,twiggs,16,124,13,289
georgia,walker,237,965,48,471
georgia,walton,79,635,13,297
georgia,whitfield,138,1263,13,313
georgia,worth,44,207,29,227
georgia,appling,20,304,13,1
georgia,bacon,15,126,13,5
georgia,baldwin,200,649,13,9
georgia,banks,43,471,13,11
georgia,ben hill,17,192,13,17
georgia,berrien,20,173,26,21
georgia,bleckley,21,111,13,23
georgia,bulloch,33,553,13,31
georgia,calhoun,1,4,54,13
georgia,candler,7,117,13,43
georgia,charlton,18,108,13,49
georgia,chattooga,37,287,13,55
georgia,clay,8,25,54,15
georgia,clinch,10,46,13,65
georgia,coffee,107,653,47,31
georgia,cook,33,121,27,31
georgia,crisp,12,336,13,81
georgia,decatur,46,293,47,39
georgia,dodge,20,213,55,27
georgia,dooly,9,86,13,93
georgia,early,31,87,13,99
georgia,elbert,22,269,13,105
georgia,emanuel,4,240,13,107
georgia,evans,6,19,13,109
georgia,fannin,12,212,48,147
georgia,franklin,12,241,53,21
georgia,gilmer,59,414,54,21
georgia,glascock,1,15,13,125
georgia,gordon,104,537,13,129
georgia,grady,30,182,40,51
georgia,greene,10,152,51,79
georgia,habersham,44,254,13,137
georgia,hancock,16,91,54,29
georgia,hart,46,248,21,99
georgia,irwin,6,108,13,155
georgia,jackson,72,745,55,53
georgia,jeff davis,13,170,48,243
georgia,jefferson,36,128,55,55
georgia,laurens,73,559,45,59
georgia,lumpkin,13,396,13,187
georgia,macon,0,35,47,111
georgia,miller,1,44,29,131
georgia,mitchell,33,265,48,335
georgia,pierce,54,239,55,93
georgia,polk,0,0,55,95
georgia,polk,40,527,55,95
georgia,putnam,41,327,54,79
georgia,quitman,5,8,28,119
georgia,rabun,15,234,13,241
georgia,randolph,9,41,54,83
georgia,schley,5,18,13,249
georgia,screven,39,180,13,251
georgia,seminole,30,64,40,133
georgia,stephens,17,330,48,429
georgia,sumter,18,141,45,85
georgia,talbot,15,90,24,41
georgia,taliaferro,5,20,13,265
georgia,tattnall,23,270,13,267
georgia,taylor,12,76,55,119
georgia,thomas,53,471,31,171
georgia,tift,72,587,13,277
georgia,towns,31,131,13,281
georgia,treutlen,3,63,13,283
georgia,troup,51,594,13,285
georgia,union,14,211,47,173
georgia,upson,23,254,13,293
georgia,ware,92,623,13,299
georgia,warren,15,47,51,187
georgia,washington,12,119,55,131
georgia,wayne,156,802,54,99
georgia,webster,0,3,54,101
georgia,wheeler,6,42,48,483
georgia,white,34,162,47,185
georgia,wilkes,19,30,37,193
georgia,wilkinson,19,43,28,157
hawaii,maui,446,5729,15,9
hawaii,hawaii,508,5373,15,1
hawaii,kauai,183,1813,15,7
idaho,ada,241,713,16,1
idaho,bannock,1,13,16,5
idaho,boise,10,56,16,15
idaho,bonneville,112,546,16,19
idaho,canyon,94,507,16,27
idaho,franklin,1,56,53,21
idaho,gem,9,23,16,45
idaho,jefferson,13,126,55,55
idaho,jerome,28,112,16,53
idaho,nez perce,6,81,16,69
idaho,owyhee,24,76,16,73
idaho,twin falls,57,210,16,83
idaho,adams,13,39,55,1
idaho,bear lake,0,44,16,7
idaho,benewah,24,89,16,9
idaho,bingham,28,189,16,11
idaho,blaine,5,23,40,11
idaho,caribou,0,21,16,29
idaho,cassia,45,367,16,31
idaho,clearwater,29,48,27,29
idaho,custer,1,23,46,33
idaho,elmore,17,85,16,39
idaho,fremont,8,71,56,13
idaho,gooding,14,56,16,47
idaho,idaho,18,79,16,49
idaho,latah,16,155,16,57
idaho,lewis,2,18,54,41
idaho,madison,20,80,51,113
idaho,minidoka,19,112,16,67
idaho,oneida,6,68,55,85
idaho,payette,14,77,16,75
idaho,power,2,33,16,77
idaho,teton,13,55,56,39
idaho,valley,8,57,31,175
idaho,washington,14,12,55,131
illinois,alexander,7,50,37,3
illinois,bond,2,61,17,5
illinois,boone,32,152,54,5
illinois,champaign,91,466,39,21
illinois,clinton,15,43,42,35
illinois,cook,182,467,27,31
illinois,dupage,80,702,17,43
illinois,ford,24,79,20,57
illinois,grundy,18,137,47,61
illinois,henry,6,58,51,89
illinois,jackson,31,266,55,53
illinois,jersey,14,112,17,83
illinois,kane,67,318,49,25
illinois,kankakee,49,302,17,91
illinois,kendall,78,152,48,259
illinois,lake,101,1048,47,95
illinois,macon,27,270,47,111
illinois,macoupin,11,180,17,117
illinois,madison,150,1025,51,113
illinois,marshall,5,27,54,51
illinois,mchenry,68,372,38,49
illinois,mclean,24,118,38,55
illinois,menard,7,28,48,327
illinois,peoria,114,866,17,143
illinois,piatt,7,39,17,147
illinois,rock island,61,285,17,161
illinois,sangamon,149,624,17,167
illinois,stark,6,49,39,151
illinois,st. clair,98,730,29,185
illinois,vermilion,70,398,22,113
illinois,will,144,865,17,197
illinois,williamson,8,321,48,491
illinois,winnebago,118,758,55,139
illinois,woodford,11,89,21,239
illinois,adams,37,186,55,1
illinois,brown,3,15,55,9
illinois,bureau,17,156,17,11
illinois,carroll,2,70,51,35
illinois,cass,6,9,48,67
illinois,clark,5,42,55,19
illinois,clay,3,55,54,15
illinois,coles,22,104,17,29
illinois,crawford,1,40,55,23
illinois,cumberland,2,30,51,49
illinois,douglas,4,46,55,31
illinois,edgar,4,59,17,45
illinois,effingham,11,131,17,49
illinois,fayette,2,93,54,19
illinois,franklin,26,228,53,21
illinois,fulton,12,106,42,57
illinois,gallatin,2,40,30,31
illinois,greene,2,31,51,79
illinois,hancock,7,86,54,29
illinois,hardin,19,31,48,199
illinois,iroquois,21,156,17,75
illinois,jasper,0,6,48,241
illinois,jefferson,48,234,55,55
illinois,jo daviess,2,77,17,85
illinois,knox,30,128,48,275
illinois,la salle,50,297,48,283
illinois,lee,34,147,51,105
illinois,livingston,20,169,36,51
illinois,logan,20,43,54,45
illinois,marion,39,141,54,49
illinois,mason,13,65,54,53
illinois,massac,13,95,17,127
illinois,mcdonough,3,36,17,109
illinois,montgomery,1,107,51,121
illinois,morgan,24,110,54,65
illinois,ogle,15,142,17,141
illinois,perry,6,37,47,135
illinois,pike,5,60,42,103
illinois,putnam,2,18,54,79
illinois,randolph,1,13,54,83
illinois,richland,20,76,55,103
illinois,saline,20,175,31,151
illinois,schuyler,1,0,36,97
illinois,scott,0,17,51,169
illinois,shelby,4,23,48,419
illinois,stephenson,9,157,17,177
illinois,union,22,99,47,173
illinois,wabash,0,11,18,169
illinois,washington,27,42,55,131
illinois,white,27,114,47,185
illinois,whiteside,24,106,17,195
indiana,allen,167,731,39,3
indiana,bartholomew,62,579,18,5
indiana,clark,114,524,55,19
indiana,delaware,59,377,42,45
indiana,johnson,63,536,56,19
indiana,lake,61,654,47,95
indiana,madison,32,428,51,113
indiana,monroe,42,682,55,81
indiana,shelby,50,213,48,419
indiana,st. joseph,119,1239,26,149
indiana,tippecanoe,45,515,18,157
indiana,vanderburgh,89,688,18,163
indiana,vigo6,61,879,18,167
indiana,clinton,13,194,42,35
indiana,crawford,28,90,55,23
indiana,daviess,1,92,29,61
indiana,franklin,3,137,53,21
indiana,grant,28,223,55,43
indiana,greene,2,213,51,79
indiana,huntington,5,94,18,69
indiana,jackson,17,349,55,53
indiana,jennings,22,229,18,79
indiana,lagrange,38,172,18,87
indiana,lawrence,69,251,47,99
indiana,miami,11,246,39,109
indiana,noble,12,243,40,103
indiana,starke,18,403,18,149
indiana,wayne,14,198,54,99
iowa,benton,24,98,53,5
iowa,black hawk,26,146,19,13
iowa,dallas,34,103,48,113
iowa,dubuque,16,166,19,61
iowa,grundy,10,60,47,61
iowa,guthrie,6,54,19,77
iowa,harrison,17,68,54,33
iowa,johnson,70,234,56,19
iowa,linn,33,311,41,43
iowa,madison,1,41,51,113
iowa,mills,21,97,48,333
iowa,plymouth,14,32,25,23
iowa,polk,113,677,55,95
iowa,pottawattamie,64,311,19,155
iowa,scott,50,207,51,169
iowa,story,14,131,19,169
iowa,warren,52,191,51,187
iowa,washington,31,84,55,131
iowa,woodbury,27,166,19,193
iowa,adair,4,39,40,1
iowa,appanoose,17,126,19,7
iowa,audubon,3,19,19,9
iowa,boone,20,57,54,5
iowa,buchanan,5,122,51,27
iowa,buena vista,11,29,19,21
iowa,butler,2,9,42,19
iowa,calhoun,7,36,54,13
iowa,carroll,3,3,51,35
iowa,cass,16,50,48,67
iowa,cedar,7,64,31,27
iowa,cerro gordo,11,98,19,33
iowa,cherokee,4,21,48,73
iowa,chickasaw,11,32,28,17
iowa,clarke,4,36,51,43
iowa,clay,9,40,54,15
iowa,clayton,9,46,19,43
iowa,clinton,38,126,42,35
iowa,crawford,4,14,55,23
iowa,davis,2,8,49,11
iowa,decatur,7,17,47,39
iowa,delaware,14,86,42,45
iowa,des moines,7,157,19,57
iowa,dickinson,10,27,26,43
iowa,emmet,10,37,26,47
iowa,fayette,11,39,54,19
iowa,floyd,2,23,51,63
iowa,franklin,1,0,53,21
iowa,fremont,21,59,56,13
iowa,hamilton,5,40,48,193
iowa,henry,16,89,51,89
iowa,howard,1,63,48,227
iowa,humboldt,3,41,32,13
iowa,ida,9,23,19,93
iowa,iowa,17,69,55,49
iowa,jackson,3,21,55,53
iowa,jasper,32,121,48,241
iowa,jefferson,0,45,55,55
iowa,keokuk,6,48,19,107
iowa,kossuth,14,15,19,109
iowa,lee,27,99,51,105
iowa,louisa,30,100,51,109
iowa,lucas,13,86,39,95
iowa,lyon,11,62,32,19
iowa,mahaska,15,130,19,123
iowa,marion,42,67,54,49
iowa,marshall,26,91,54,51
iowa,monona,11,34,19,133
iowa,monroe,7,23,55,81
iowa,muscatine,29,67,19,139
iowa,o'brien,25,73,19,141
iowa,osceola,5,81,26,133
iowa,page,7,42,51,139
iowa,palo alto,18,67,19,147
iowa,sac,8,50,19,161
iowa,shelby,6,24,48,419
iowa,sioux,2,51,38,85
iowa,tama,36,83,19,171
iowa,taylor,3,17,55,119
iowa,union,6,44,47,173
iowa,van buren,4,53,47,175
iowa,wapello,22,186,19,179
iowa,wayne,13,54,54,99
iowa,webster,46,127,54,101
iowa,winneshiek,8,32,19,191
iowa,worth,10,50,29,227
iowa,wright,2,19,29,229
kansas,butler,49,442,42,19
kansas,doniphan,4,31,20,43
kansas,harvey,23,72,20,79
kansas,jackson,21,90,55,53
kansas,johnson,46,317,56,19
kansas,kingman,7,55,20,95
kansas,leavenworth,32,186,20,103
kansas,miami,31,196,39,109
kansas,osage,13,52,40,113
kansas,pottawatomie,45,214,40,125
kansas,riley,221,1355,20,161
kansas,shawnee,79,899,20,177
kansas,sumner,33,170,47,165
kansas,wabaunsee,7,70,20,197
kansas,wyandotte,59,77,20,209
kansas,allen,12,71,39,3
kansas,anderson,6,52,48,1
kansas,atchison,6,26,29,5
kansas,barber,2,12,20,7
kansas,barton,12,51,29,11
kansas,bourbon,16,102,21,17
kansas,brown,10,15,55,9
kansas,chautauqua,1,18,36,13
kansas,cherokee,30,180,48,73
kansas,cheyenne,5,16,31,33
kansas,cloud,14,54,20,29
kansas,cowley,23,123,20,35
kansas,crawford,35,161,55,23
kansas,dickinson,16,139,26,43
kansas,edwards,2,19,48,137
kansas,ellis,21,62,48,139
kansas,ellsworth,8,46,20,53
kansas,finney,30,162,20,55
kansas,ford,23,99,20,57
kansas,franklin,48,161,53,21
kansas,geary,15,32,20,61
kansas,gove,2,13,20,63
kansas,grant,5,10,55,43
kansas,gray,15,79,48,179
kansas,greeley,2,13,31,77
kansas,greenwood,17,58,45,47
kansas,harper,1,14,40,59
kansas,haskell,0,32,48,207
kansas,hodgeman,1,10,20,83
kansas,kearny,7,52,20,93
kansas,kiowa,0,28,40,75
kansas,lane,4,3,41,39
kansas,logan,0,19,54,45
kansas,lyon,16,78,32,19
kansas,marion,4,69,54,49
kansas,mcpherson,5,53,46,89
kansas,mitchell,0,10,48,335
kansas,montgomery,11,113,51,121
kansas,morris,5,42,48,343
kansas,morton,1,25,38,59
kansas,nemaha,2,52,31,127
kansas,neosho,9,74,20,133
kansas,ness,8,28,20,135
kansas,norton,5,20,20,137
kansas,ottawa,3,71,40,115
kansas,pawnee,0,19,40,117
kansas,phillips,3,29,30,71
kansas,pratt,5,24,20,151
kansas,reno,30,257,20,155
kansas,republic,3,27,20,157
kansas,rice,9,70,27,131
kansas,rooks,3,32,20,163
kansas,rush,6,73,20,165
kansas,russell,10,28,51,167
kansas,saline,20,104,31,151
kansas,seward,13,15,31,159
kansas,sherman,2,4,48,421
kansas,stafford,4,17,51,179
kansas,thomas,7,43,31,171
kansas,trego,0,12,20,195
kansas,washington,1,22,55,131
kansas,wichita,5,23,48,485
kansas,wilson,5,42,48,493
kansas,woodson,4,26,20,207
kentucky,allen,9,145,39,3
kentucky,boone,65,911,54,5
kentucky,bourbon,2,77,21,17
kentucky,boyd,14,171,31,15
kentucky,bracken,2,22,21,23
kentucky,bullitt,33,500,21,29
kentucky,butler,2,71,42,19
kentucky,campbell,0,0,56,5
kentucky,campbell,20,197,56,5
kentucky,christian,22,322,29,43
kentucky,clark,13,220,55,19
kentucky,daviess,10,405,29,61
kentucky,edmonson,3,28,21,61
kentucky,fayette,0,0,54,19
kentucky,gallatin,0,34,30,31
kentucky,grant,5,128,55,43
kentucky,greenup,2,27,21,89
kentucky,hardin,12,157,48,199
kentucky,henderson,14,162,48,213
kentucky,henry,2,3,51,89
kentucky,jefferson,0,0,55,55
kentucky,jessamine,15,280,21,113
kentucky,kenton,1,6,21,117
kentucky,kenton,18,125,21,117
kentucky,larue,1,32,21,123
kentucky,mclean,6,52,38,55
kentucky,meade,11,154,46,93
kentucky,oldham,0,4,48,359
kentucky,oldham,27,450,48,359
kentucky,pendleton,4,71,54,71
kentucky,scott,9,220,51,169
kentucky,shelby,21,312,48,419
kentucky,spencer,1,56,21,215
kentucky,trigg,12,47,21,221
kentucky,trimble,1,14,21,223
kentucky,warren,37,516,51,187
kentucky,adair,0,17,40,1
kentucky,anderson,3,44,48,1
kentucky,ballard,5,65,21,7
kentucky,barren,13,124,21,9
kentucky,bath,0,21,51,17
kentucky,bell,15,113,48,27
kentucky,boyle,4,44,21,21
kentucky,breckinridge,5,51,21,27
kentucky,caldwell,1,48,48,55
kentucky,calloway,19,328,21,35
kentucky,carlisle,0,9,21,39
kentucky,carroll,1,5,51,35
kentucky,carter,7,66,47,19
kentucky,casey,1,29,21,45
kentucky,clay,1,108,54,15
kentucky,clinton,2,27,42,35
kentucky,crittenden,1,17,21,55
kentucky,cumberland,0,6,51,49
kentucky,fleming,4,11,21,69
kentucky,floyd,3,59,51,63
kentucky,franklin,28,265,53,21
kentucky,fulton,1,6,42,57
kentucky,graves,31,284,21,83
kentucky,grayson,7,53,51,77
kentucky,harlan,3,23,31,83
kentucky,harrison,1,107,54,33
kentucky,hart,7,57,21,99
kentucky,hickman,2,16,47,81
kentucky,hopkins,8,236,48,223
kentucky,jackson,5,70,55,53
kentucky,johnson,3,45,56,19
kentucky,knott,0,20,21,119
kentucky,knox,14,150,48,275
kentucky,laurel,49,599,21,125
kentucky,lawrence,0,44,47,99
kentucky,lee,0,2,51,105
kentucky,leslie,3,2,21,131
kentucky,letcher,0,19,21,133
kentucky,lewis,2,16,54,41
kentucky,lincoln,4,77,56,23
kentucky,livingston,5,66,36,51
kentucky,logan,15,151,54,45
kentucky,lyon,0,32,32,19
kentucky,madison,10,341,51,113
kentucky,magoffin,1,6,21,153
kentucky,marion,2,68,54,49
kentucky,marshall,28,181,54,51
kentucky,martin,3,15,48,317
kentucky,mason,11,85,54,53
kentucky,mccracken,43,499,21,145
kentucky,mccreary,4,37,21,147
kentucky,menifee,4,28,21,165
kentucky,mercer,3,26,54,55
kentucky,metcalfe,4,58,21,169
kentucky,monroe,0,9,55,81
kentucky,montgomery,14,273,51,121
kentucky,morgan,0,19,54,65
kentucky,muhlenberg,11,95,21,177
kentucky,nelson,18,217,51,125
kentucky,nicholas,0,5,54,67
kentucky,ohio,10,94,54,69
kentucky,owen,3,50,21,187
kentucky,owsley,0,5,21,189
kentucky,perry,3,21,47,135
kentucky,pike,3,91,42,103
kentucky,powell,0,24,30,77
kentucky,pulaski,34,373,51,155
kentucky,robertson,0,1,48,395
kentucky,rockcastle,4,45,21,203
kentucky,rowan,3,120,37,159
kentucky,russell,3,28,51,167
kentucky,simpson,12,39,28,127
kentucky,taylor,7,162,55,119
kentucky,todd,2,46,46,121
kentucky,union,4,55,47,173
kentucky,washington,4,31,55,131
kentucky,wayne,1,32,54,99
kentucky,webster,1,27,54,101
kentucky,whitley,12,115,21,235
kentucky,wolfe,0,13,21,237
louisiana,ascension,311,3014,22,5
louisiana,bossier,67,646,22,15
louisiana,caddo,67,810,40,15
louisiana,calcasieu,465,4387,22,19
louisiana,cameron,20,148,48,61
louisiana,de soto,53,340,22,31
louisiana,east baton rouge,493,8113,22,33
louisiana,east feliciana,97,171,22,37
louisiana,iberville,257,534,22,47
louisiana,jefferson,1535,9937,55,55
louisiana,lafayette,304,1441,55,65
louisiana,lafourche,200,1720,22,57
louisiana,livingston,332,3443,36,51
louisiana,ouachita,393,2803,22,73
louisiana,plaquemines,45,279,22,75
louisiana,pointe coupee,85,285,22,77
louisiana,rapides,199,1517,22,79
louisiana,st. bernard,146,1409,22,87
louisiana,st. charles,181,961,29,183
louisiana,st. helena,66,135,22,91
louisiana,st. james,33,334,22,93
louisiana,st. john the baptist,90,978,22,95
louisiana,st. martin,154,677,22,99
louisiana,st. tammany,247,1795,22,103
louisiana,tangipahoa,739,2758,22,105
louisiana,terrebonne,298,2164,22,109
louisiana,union,34,31,47,173
louisiana,vermilion,77,815,22,113
louisiana,webster,48,200,54,101
louisiana,west baton rouge,60,483,22,121
louisiana,west feliciana,41,78,22,125
louisiana,allen,15,84,39,3
louisiana,assumption,60,246,22,7
louisiana,avoyelles,206,440,22,9
louisiana,beauregard,17,100,22,11
louisiana,bienville,49,213,22,13
louisiana,caldwell,24,226,48,55
louisiana,catahoula,36,96,22,25
louisiana,claiborne,14,106,47,25
louisiana,concordia,56,241,22,29
louisiana,evangeline,54,480,22,39
louisiana,franklin,63,142,53,21
louisiana,jackson,2,50,55,53
louisiana,la salle,37,61,48,283
louisiana,lincoln,59,268,56,23
louisiana,madison,28,45,51,113
louisiana,morehouse,43,255,22,67
louisiana,natchitoches,48,391,22,69
louisiana,red river,15,153,48,387
louisiana,sabine,13,168,48,403
louisiana,st. landry,170,942,22,97
louisiana,st. mary,128,763,22,101
louisiana,tensas,13,30,22,107
louisiana,vernon,58,526,55,123
louisiana,washington,184,582,55,131
louisiana,west carroll,24,100,22,123
louisiana,winn,42,56,22,127
maine,androscoggin,12,135,23,1
maine,cumberland,23,457,51,49
maine,penobscot,4,283,23,19
maine,sagadahoc,5,97,23,23
maine,york,23,265,51,199
maine,aroostook,6,55,23,3
maine,franklin,8,49,53,21
maine,hancock,4,127,54,29
maine,kennebec,24,159,23,11
maine,knox,16,168,48,275
maine,lincoln,26,189,56,23
maine,oxford,28,279,23,17
maine,piscataquis,3,53,23,21
maine,somerset,31,366,42,111
maine,waldo,13,157,23,27
maine,washington,7,113,55,131
maryland,allegany,41,309,36,3
maryland,anne arundel,2,0,24,3
maryland,anne arundel,2021,10813,24,3
maryland,baltimore,0,0,24,5
maryland,baltimore,5037,23155,24,5
maryland,carroll,126,774,51,35
maryland,cecil,59,485,24,15
maryland,charles,497,2352,24,17
maryland,frederick,156,1328,51,69
maryland,harford,350,1974,24,25
maryland,howard,0,0,48,227
maryland,howard,769,5499,48,227
maryland,montgomery,0,0,51,121
maryland,montgomery  6,1394,13551,51,121
maryland,prince george's,2031,13802,24,33
maryland,queen anne's,38,453,24,35
maryland,washington,285,1346,55,131
maryland,wicomico,90,625,24,45
maryland,worcester,18,208,25,27
maryland,caroline,20,237,51,33
maryland,dorchester,15,215,45,35
maryland,garrett,41,297,24,23
maryland,kent,7,86,48,263
maryland,talbot,8,169,24,41
michigan,barry,42,296,29,9
michigan,bay,72,548,26,17
michigan,berrien,137,569,26,21
michigan,calhoun,115,491,54,13
michigan,cass,52,295,48,67
michigan,clinton,37,164,42,35
michigan,eaton,118,1032,26,45
michigan,genesee,66,276,36,37
michigan,ingham,144,563,26,65
michigan,jackson,205,631,55,53
michigan,kalamazoo,255,2220,26,77
michigan,kent,364,2465,48,263
michigan,lapeer,60,277,26,87
michigan,livingston,72,508,36,51
michigan,macomb,323,1385,26,99
michigan,midland,51,296,48,329
michigan,monroe,177,1478,55,81
michigan,montcalm,40,127,26,117
michigan,muskegon,64,514,26,121
michigan,oakland,25,39,26,125
michigan,ottawa,533,2405,40,115
michigan,saginaw,85,468,26,145
michigan,st. clair,222,855,29,185
michigan,washtenaw,558,1643,26,161
michigan,wayne,1,1,54,99
michigan,alcona,13,108,26,1
michigan,alger,0,2,26,3
michigan,allegan,92,572,26,5
michigan,alpena,7,61,26,7
michigan,antrim,20,147,26,9
michigan,arenac,25,81,26,11
michigan,baraga,2,14,26,13
michigan,benzie,20,86,26,19
michigan,branch,9,68,26,23
michigan,charlevoix,20,94,26,29
michigan,cheboygan,23,66,26,31
michigan,clare,79,383,26,35
michigan,crawford,8,87,55,23
michigan,delta,5,58,48,119
michigan,dickinson,2,0,26,43
michigan,emmet,20,131,26,47
michigan,gladwin,57,144,26,51
michigan,gogebic,8,54,26,53
michigan,grand traverse,143,596,26,55
michigan,gratiot,36,323,26,57
michigan,hillsdale,33,170,26,59
michigan,houghton,6,63,26,61
michigan,huron,18,79,39,77
michigan,ionia,77,293,26,67
michigan,iosco,2,4,26,69
michigan,iron,5,19,55,51
michigan,isabella,64,317,26,73
michigan,kalkaska,55,159,26,79
michigan,keweenaw,1,9,26,83
michigan,lake,33,207,47,95
michigan,lenawee,45,223,26,91
michigan,luce,14,73,26,95
michigan,mackinac,5,75,26,97
michigan,manistee,27,190,26,101
michigan,marquette,15,158,55,77
michigan,mason,36,159,54,53
michigan,mecosta,195,350,26,107
michigan,menominee,19,87,55,78
michigan,missaukee,30,136,26,113
michigan,montmorency,2,43,26,119
michigan,newaygo,81,255,26,123
michigan,oceana,28,229,26,127
michigan,ogemaw,15,119,26,129
michigan,ontonagon,22,25,26,131
michigan,osceola,26,131,26,133
michigan,oscoda,11,107,26,135
michigan,otsego,20,58,36,77
michigan,presque isle,17,23,26,141
michigan,roscommon,26,123,26,143
michigan,sanilac,48,115,26,151
michigan,shiawassee,16,138,26,155
michigan,st. joseph,57,183,26,149
michigan,tuscola,47,215,26,157
michigan,wexford,43,215,26,165
minnesota,anoka,48,1021,27,3
minnesota,benton,14,178,53,5
minnesota,blue earth,17,99,27,13
minnesota,carlton,17,204,27,17
minnesota,carver,34,583,27,19
minnesota,chisago,6,102,27,25
minnesota,clay,7,98,54,15
minnesota,dakota,27,136,31,43
minnesota,dodge,6,89,55,27
minnesota,fillmore,16,67,31,59
minnesota,hennepin,14,63,27,53
minnesota,houston,8,40,48,225
minnesota,isanti,17,294,27,59
minnesota,le sueur,5,98,27,79
minnesota,mille lacs,35,632,27,95
minnesota,nicollet,7,51,27,103
minnesota,olmsted,50,307,27,109
minnesota,ramsey,79,1258,38,71
minnesota,scott,6,7,51,169
minnesota,sherburne,27,452,27,141
minnesota,stearns,31,374,27,145
minnesota,st. louis,44,689,29,189
minnesota,wabasha,9,48,27,157
minnesota,washington,48,821,55,131
minnesota,wright,126,1483,29,229
minnesota,aitkin,13,268,27,1
minnesota,becker6,26,212,27,5
minnesota,beltrami,46,371,27,7
minnesota,big stone,2,32,27,11
minnesota,brown,0,18,55,9
minnesota,cass,44,333,48,67
minnesota,chippewa,2,24,55,17
minnesota,clearwater6,15,93,27,29
minnesota,cook,11,84,27,31
minnesota,cottonwood,4,40,27,33
minnesota,crow wing,33,330,27,35
minnesota,douglas,21,181,55,31
minnesota,faribault,8,83,27,43
minnesota,freeborn6,12,118,27,47
minnesota,goodhue6,9,190,27,49
minnesota,grant,1,19,55,43
minnesota,hubbard,13,226,27,57
minnesota,itasca,29,162,27,61
minnesota,jackson,7,51,55,53
minnesota,kanabec,23,165,27,65
minnesota,kandiyohi,32,217,27,67
minnesota,kittson,0,5,27,69
minnesota,koochiching,4,73,27,71
minnesota,lac qui parle,2,20,27,73
minnesota,lake,5,17,47,95
minnesota,lake of the woods,1,5,27,77
minnesota,lincoln6,12,4,56,23
minnesota,lyon,5,46,32,19
minnesota,mahnomen6,11,159,27,87
minnesota,marshall,4,14,54,51
minnesota,martin,3,17,48,317
minnesota,mcleod,11,83,27,85
minnesota,meeker,18,126,27,93
minnesota,morrison,6,193,27,97
minnesota,mower,9,83,27,99
minnesota,murray,1,41,40,99
minnesota,nobles6,3,34,27,105
minnesota,norman,0,3,27,107
minnesota,otter tail6,21,333,27,111
minnesota,pennington,4,79,46,103
minnesota,pine,65,1086,27,115
minnesota,pipestone,1,70,27,117
minnesota,pope,3,34,27,121
minnesota,red lake,0,16,27,125
minnesota,redwood,8,61,27,127
minnesota,renville,6,84,38,75
minnesota,rice,14,120,27,131
minnesota,rock,4,83,55,105
minnesota,roseau,7,69,27,135
minnesota,steele,10,65,38,91
minnesota,stevens,3,29,53,65
minnesota,swift,1,0,27,151
minnesota,todd,9,180,46,121
minnesota,traverse,2,24,27,155
minnesota,wadena,3,3,27,159
minnesota,waseca,6,59,27,161
minnesota,watonwan,2,45,27,165
minnesota,wilkin,4,40,27,167
minnesota,winona,11,72,27,169
minnesota,yellow medicine,5,42,27,173
mississippi,desoto,28,402,28,33
mississippi,hancock,32,581,54,29
mississippi,harrison,41,901,54,33
mississippi,hinds,83,389,28,49
mississippi,jackson,138,1642,55,53
mississippi,lamar,70,712,48,277
mississippi,marshall,0,140,54,51
mississippi,rankin,48,457,28,121
mississippi,claiborne,21,101,47,25
mississippi,lauderdale,45,495,47,97
mississippi,lincoln,14,248,56,23
mississippi,scott,25,205,51,169
mississippi,stone,37,211,29,209
mississippi,warren,12,275,51,187
mississippi,washington,23,389,55,131
missouri,andrew,13,82,29,3
missouri,bates,36,112,29,13
missouri,bollinger,17,82,29,17
missouri,boone,101,698,54,5
missouri,buchanan,26,256,51,27
missouri,caldwell,24,76,48,55
missouri,callaway,129,431,29,27
missouri,cape girardeau,38,213,29,31
missouri,cass,54,345,48,67
missouri,christian,53,293,29,43
missouri,clay,42,236,54,15
missouri,clinton,18,95,42,35
missouri,cole,70,233,29,51
missouri,dallas,6,58,48,113
missouri,dekalb,7,34,47,41
missouri,franklin,79,591,53,21
missouri,greene,47,1303,51,79
missouri,jackson6,61,367,55,53
missouri,jasper,139,543,48,241
missouri,jefferson,380,2380,55,55
missouri,lafayette,10,181,55,65
missouri,lincoln,89,153,56,23
missouri,mcdonald,80,298,29,119
missouri,moniteau,2,31,29,135
missouri,newton,111,668,48,351
missouri,osage,2,75,40,113
missouri,platte,44,277,56,31
missouri,polk,43,282,55,95
missouri,ray,76,116,29,177
missouri,st. charles,0,1,29,183
missouri,st. charles,95,844,29,183
missouri,st. louis,1917,7973,29,189
missouri,warren,77,182,51,187
missouri,webster,9,232,54,101
missouri,adair,10,87,40,1
missouri,atchison,5,10,29,5
missouri,audrain,17,112,29,7
missouri,barry,38,398,29,9
missouri,barton,26,82,29,11
missouri,benton,44,149,53,5
missouri,butler,98,499,42,19
missouri,camden,124,448,37,29
missouri,carroll,5,42,51,35
missouri,carter,27,73,47,19
missouri,cedar,29,71,31,27
missouri,clark,24,34,55,19
missouri,cooper,5,74,29,53
missouri,crawford,23,176,55,23
missouri,dade,29,74,29,57
missouri,daviess,6,44,29,61
missouri,dent,4,77,29,65
missouri,douglas,20,36,55,31
missouri,dunklin,12,135,29,69
missouri,gasconade,20,99,29,73
missouri,gentry,1,48,29,75
missouri,grundy,0,23,47,61
missouri,harrison,5,33,54,33
missouri,henry,74,196,51,89
missouri,hickory,3,126,29,85
missouri,holt,6,35,31,89
missouri,howard,10,77,48,227
missouri,howell,68,323,29,91
missouri,iron,4,32,55,51
missouri,johnson,18,245,56,19
missouri,knox,1,13,48,275
missouri,laclede,27,275,29,105
missouri,lawrence,15,200,47,99
missouri,lewis,1,51,54,41
missouri,linn,5,41,41,43
missouri,livingston,1,36,36,51
missouri,macon,12,92,47,111
missouri,madison,11,61,51,113
missouri,maries,12,53,29,125
missouri,marion,8,157,54,49
missouri,mercer,3,12,54,55
missouri,miller,28,198,29,131
missouri,mississippi,7,39,29,133
missouri,monroe,28,45,55,81
missouri,montgomery,1,65,51,121
missouri,morgan,45,131,54,65
missouri,nodaway,3,64,29,147
missouri,oregon,33,84,29,149
missouri,ozark,18,81,29,153
missouri,pemiscot,25,99,29,155
missouri,perry,14,70,47,135
missouri,pettis,27,250,29,159
missouri,phelps,33,215,31,137
missouri,pike,9,58,42,103
missouri,pulaski,87,281,51,155
missouri,ralls,9,77,29,173
missouri,randolph,14,68,54,83
missouri,reynolds,7,47,29,179
missouri,ripley,32,116,29,181
missouri,saline,8,56,31,151
missouri,schuyler,3,32,36,97
missouri,scotland,3,25,37,165
missouri,shannon,13,32,29,203
missouri,shelby,0,18,48,419
missouri,st. clair,11,132,29,185
missouri,ste. genevieve,19,86,29,186
missouri,st. francois,45,376,29,187
missouri,stoddard,17,124,29,207
missouri,stone,78,239,29,209
missouri,sullivan,7,48,47,163
missouri,taney,101,328,29,213
missouri,texas,28,166,40,139
missouri,vernon,95,291,55,123
missouri,washington,72,280,55,131
missouri,wayne,28,252,54,99
missouri,worth,0,7,29,227
missouri,wright,16,91,29,229
montana,carbon,11,69,56,7
montana,cascade,29,143,30,13
montana,golden valley,4,9,38,33
montana,missoula,115,345,30,63
montana,yellowstone,92,768,30,111
montana,beaverhead,6,9,30,1
montana,big horn,52,241,56,3
montana,blaine,6,10,40,11
montana,broadwater,22,40,30,7
montana,carter,1,0,47,19
montana,chouteau,0,6,30,15
montana,custer,5,60,46,33
montana,daniels,1,0,30,19
montana,dawson,8,60,48,115
montana,deer lodge,50,216,30,23
montana,fallon,2,3,30,25
montana,fergus,9,39,30,27
montana,flathead,189,1048,30,29
montana,gallatin,103,467,30,31
montana,garfield,1,2,53,23
montana,glacier,12,37,30,35
montana,granite,3,25,30,39
montana,hill,37,159,48,217
montana,jefferson,26,102,55,55
montana,judith basin,2,3,30,45
montana,lake,109,299,47,95
montana,lewis and clark,99,416,30,49
montana,liberty,2,0,48,291
montana,lincoln,20,119,56,23
montana,madison,4,69,51,113
montana,mccone,2,6,30,55
montana,meagher,3,17,30,59
montana,mineral,3,0,54,57
montana,musselshell,20,111,30,65
montana,park,21,55,56,29
montana,phillips,12,48,30,71
montana,pondera,1,7,30,73
montana,powder river,1,6,30,75
montana,powell,6,13,30,77
montana,prairie,4,4,30,79
montana,ravalli,53,244,30,81
montana,richland,8,54,55,103
montana,roosevelt,108,62,35,41
montana,rosebud,10,26,30,87
montana,sanders,29,51,30,89
montana,sheridan,2,25,56,33
montana,silver bow,169,1864,30,93
montana,stillwater,16,51,30,95
montana,sweet grass,8,36,30,97
montana,teton,13,39,56,39
montana,toole,22,92,30,101
montana,valley,9,18,31,175
montana,wheatland,2,6,30,107
montana,wibaux,0,4,30,109
nebraska,dakota,19,74,31,43
nebraska,hall,23,137,48,191
nebraska,hamilton,2,43,48,193
nebraska,merrick,2,13,31,121
nebraska,antelope,7,34,31,3
nebraska,boone,4,2,54,5
nebraska,box butte,1,15,31,13
nebraska,burt,7,24,31,21
nebraska,cedar,1,18,31,27
nebraska,chase,1,5,31,29
nebraska,cherry,2,16,31,31
nebraska,clay,2,16,54,15
nebraska,dawes,0,11,31,45
nebraska,dawson,14,39,48,115
nebraska,deuel,0,1,46,39
nebraska,dodge,9,89,55,27
nebraska,franklin,0,21,53,21
nebraska,harlan,0,1,31,83
nebraska,hitchcock,3,20,31,87
nebraska,johnson,4,12,56,19
nebraska,kearney,5,50,31,99
nebraska,kimball,0,8,31,105
nebraska,knox,6,31,48,275
nebraska,madison,12,67,51,113
nebraska,morrill,1,44,31,123
nebraska,pawnee,3,32,40,117
nebraska,perkins,2,13,46,105
nebraska,pierce,7,22,55,93
nebraska,stanton,2,28,31,167
nebraska,thurston,0,11,53,67
nebraska,webster,0,39,54,101
nebraska,wheeler,0,2,48,483
nevada,carson city,191,879,32,510
nevada,storey,34,93,32,29
nevada,washoe,175,750,32,31
nevada,churchill,26,191,32,1
nevada,douglas,65,769,55,31
nevada,elko,38,174,32,7
nevada,esmeralda,0,5,32,9
nevada,eureka,6,24,32,11
nevada,humboldt,15,69,32,13
nevada,lander,49,99,32,15
nevada,lincoln,5,56,56,23
nevada,lyon,129,570,32,19
nevada,mineral,0,32,54,57
nevada,nye,61,788,32,23
nevada,pershing,25,52,32,27
nevada,white pine,18,83,32,33
new hampshire,rockingham,5,1,51,165
new hampshire,strafford,3,0,33,17
new hampshire,carroll,9,52,51,35
new hampshire,cheshire,0,5,33,5
new hampshire,grafton,1,2,33,9
new hampshire,merrimack,1,1,33,13
new jersey,atlantic,1,0,34,1
new jersey,bergen,7,51,34,3
new jersey,burlington,0,0,34,5
new jersey,camden,2,21,37,29
new jersey,cape may,0,0,34,9
new jersey,cumberland,0,1,51,49
new jersey,essex,65,58,51,57
new jersey,gloucester,1,3,51,73
new jersey,hudson,0,0,34,17
new jersey,hunterdon,0,0,34,19
new jersey,mercer,6,19,54,55
new jersey,middlesex,0,0,51,119
new jersey,monmouth,4,1,34,25
new jersey,morris,0,0,48,343
new jersey,ocean,0,4,34,29
new jersey,passaic,0,0,34,31
new jersey,salem,1,0,34,33
new jersey,somerset,1,1,42,111
new jersey,sussex,0,0,51,183
new jersey,union,0,0,47,173
new jersey,warren,0,0,51,187
new mexico,bernalillo,916,2640,35,1
new mexico,sandoval,122,133,35,43
new mexico,san juan,609,810,72,127
new mexico,santa fe,74,494,35,49
new mexico,torrance,69,163,35,57
new mexico,valencia,381,975,35,61
new mexico,catron,3,31,35,3
new mexico,chaves,47,167,35,5
new mexico,cibola,27,84,35,6
new mexico,colfax,17,28,35,7
new mexico,curry,11,109,41,15
new mexico,de baca,6,43,35,11
new mexico,eddy,67,246,38,27
new mexico,grant,18,195,55,43
new mexico,guadalupe,1,5,48,187
new mexico,hidalgo,8,31,48,215
new mexico,lea,31,291,35,25
new mexico,lincoln,26,81,56,23
new mexico,luna,59,237,35,29
new mexico,mckinley,123,231,35,31
new mexico,mora,5,31,35,33
new mexico,otero,165,318,35,35
new mexico,quay,5,24,35,37
new mexico,rio arriba,77,325,35,39
new mexico,san miguel,0,0,35,47
new mexico,sierra,13,76,35,51
new mexico,socorro,24,81,35,53
new mexico,taos,66,101,35,55
new mexico,union,8,19,47,173
new york,albany,18,140,56,1
new york,broome,58,495,36,7
new york,chemung,9,258,36,15
new york,erie,49,646,42,49
new york,herkimer,6,0,36,43
new york,jefferson,20,302,55,55
new york,livingston,18,307,36,51
new york,madison,21,144,51,113
new york,monroe,229,2786,55,81
new york,nassau,1113,10103,36,59
new york,niagara,59,698,36,63
new york,oneida,133,269,55,85
new york,onondaga,210,1720,36,67
new york,ontario,37,755,36,69
new york,orleans,18,246,50,19
new york,oswego,51,296,36,75
new york,putnam,19,264,54,79
new york,rensselaer,13,206,36,83
new york,saratoga,95,1111,36,91
new york,schenectady,0,16,36,93
new york,schoharie,6,24,36,95
new york,suffolk,41,0,36,103
new york,suffolk,1427,16996,36,103
new york,tioga,18,151,42,117
new york,ulster,34,186,36,111
new york,warren,48,528,51,187
new york,washington,23,157,55,131
new york,wayne,63,453,54,99
new york,westchester public safety,56,237,36,119
new york,yates,17,157,36,123
new york,allegany,0,0,36,3
new york,cattaraugus,39,278,36,9
new york,cayuga,40,163,36,11
new york,chautauqua,49,453,36,13
new york,clinton,6,27,42,35
new york,columbia,30,330,55,21
new york,cortland,18,407,36,23
new york,delaware,23,150,42,45
new york,franklin,0,0,53,21
new york,fulton,22,310,42,57
new york,genesee,57,345,36,37
new york,greene,6,19,51,79
new york,hamilton,1,7,48,193
new york,lewis,6,99,54,41
new york,montgomery,16,329,51,121
new york,otsego,17,64,36,77
new york,schuyler,5,15,36,97
new york,steuben,21,91,36,101
new york,st. lawrence,10,36,36,89
new york,sullivan,23,293,47,163
new york,wyoming,21,143,54,109
north dakota,burleigh,29,200,38,15
north dakota,cass,14,141,48,67
north dakota,grand forks,9,108,38,35
north dakota,morton,12,108,38,59
north dakota,oliver,1,10,38,65
north dakota,sioux,0,1,38,85
north dakota,adams,1,11,55,1
north dakota,barnes,1,37,38,3
north dakota,benson,3,22,38,5
north dakota,billings,0,4,38,7
north dakota,bottineau,3,62,38,9
north dakota,burke,3,5,38,13
north dakota,cavalier,1,12,38,19
north dakota,dickey,1,7,38,21
north dakota,divide,1,0,38,23
north dakota,dunn,9,18,55,33
north dakota,eddy,0,25,38,27
north dakota,emmons,4,27,38,29
north dakota,foster,0,15,38,31
north dakota,golden valley,2,0,38,33
north dakota,grant,2,8,55,43
north dakota,griggs,1,5,38,39
north dakota,hettinger,4,19,38,41
north dakota,kidder,0,11,38,43
north dakota,lamoure,2,6,38,45
north dakota,logan,2,10,54,45
north dakota,mchenry,1,85,38,49
north dakota,mcintosh,0,3,40,91
north dakota,mckenzie,19,139,38,53
north dakota,mclean,6,101,38,55
north dakota,mercer,5,35,54,55
north dakota,mountrail,5,53,38,61
north dakota,nelson,1,19,51,125
north dakota,pembina,5,53,38,67
north dakota,pierce,0,27,55,93
north dakota,ramsey,4,39,38,71
north dakota,ransom,1,32,38,73
north dakota,renville,1,8,38,75
north dakota,richland,4,115,55,103
north dakota,rolette,8,68,38,79
north dakota,sargent,1,12,38,81
north dakota,sheridan,1,10,56,33
north dakota,slope,0,1,38,87
north dakota,stark,4,38,39,151
north dakota,steele,0,4,38,91
north dakota,stutsman,4,38,38,93
north dakota,towner,1,11,38,95
north dakota,traill,5,57,38,97
north dakota,walsh,13,81,38,99
north dakota,ward,37,165,48,475
north dakota,wells,0,10,38,103
north dakota,williams,15,189,39,171
ohio,allen,30,659,39,3
ohio,belmont,34,314,39,13
ohio,butler,37,989,42,19
ohio,clark,21,798,55,19
ohio,clermont,141,1166,39,25
ohio,delaware,60,1139,42,45
ohio,fairfield,38,962,45,39
ohio,fulton,24,191,42,57
ohio,geauga,19,185,39,55
ohio,greene,36,421,51,79
ohio,hamilton,183,2507,48,193
ohio,hocking,25,351,39,73
ohio,jefferson,3,17,55,55
ohio,lawrence,62,662,47,99
ohio,licking,60,983,39,89
ohio,lorain,55,563,39,93
ohio,lucas,90,991,39,95
ohio,madison,14,347,51,113
ohio,mahoning,4,67,39,99
ohio,miami,25,390,39,109
ohio,montgomery,237,1278,51,121
ohio,perry,12,72,47,135
ohio,pickaway,24,656,39,129
ohio,richland,57,958,55,103
ohio,stark,122,1795,39,151
ohio,summit,59,1105,49,43
ohio,trumbull,24,318,39,155
ohio,union,24,221,47,173
ohio,warren,60,888,51,187
ohio,wood,26,343,55,141
ohio,adams,13,178,55,1
ohio,ashland,35,204,55,3
ohio,ashtabula,42,580,39,7
ohio,athens,20,391,39,9
ohio,auglaize,6,123,39,11
ohio,champaign,15,227,39,21
ohio,clinton,4,37,42,35
ohio,coshocton,37,457,39,31
ohio,crawford,0,110,55,23
ohio,defiance,13,135,39,39
ohio,erie,3,292,42,49
ohio,fayette,37,432,54,19
ohio,gallia,21,370,39,53
ohio,hancock,8,185,54,29
ohio,hardin,5,124,48,199
ohio,henry,14,159,51,89
ohio,highland,28,348,51,91
ohio,jackson,22,222,55,53
ohio,knox,56,384,48,275
ohio,logan,20,255,54,45
ohio,marion,22,821,54,49
ohio,meigs,25,194,47,121
ohio,mercer,5,106,54,55
ohio,monroe,7,51,55,81
ohio,morgan,29,128,54,65
ohio,muskingum,59,903,39,119
ohio,noble,1,107,40,103
ohio,ottawa,4,217,40,115
ohio,pike,33,319,42,103
ohio,preble,24,243,39,135
ohio,ross,104,1290,39,141
ohio,scioto,49,803,39,145
ohio,shelby,22,131,48,419
ohio,van wert,17,109,39,161
ohio,vinton,13,107,39,163
ohio,wayne,66,541,54,99
ohio,wyandot,2,15,39,175
oklahoma,canadian,10,143,40,17
oklahoma,cleveland,61,312,40,27
oklahoma,comanche,13,241,48,93
oklahoma,cotton,2,18,40,33
oklahoma,creek,54,432,40,37
oklahoma,garfield,13,122,53,23
oklahoma,grady,47,347,40,51
oklahoma,le flore,59,325,40,79
oklahoma,lincoln,21,291,56,23
oklahoma,logan,57,304,54,45
oklahoma,mcclain,35,244,40,87
oklahoma,oklahoma,23,197,40,109
oklahoma,okmulgee,31,263,40,111
oklahoma,osage,57,368,40,113
oklahoma,pawnee,22,124,40,117
oklahoma,rogers,75,545,40,131
oklahoma,sequoyah,101,379,40,135
oklahoma,tulsa,304,913,40,143
oklahoma,wagoner,42,543,40,145
oklahoma,adair,47,178,40,1
oklahoma,alfalfa,4,23,40,3
oklahoma,atoka,3,108,40,5
oklahoma,beaver,3,30,49,1
oklahoma,beckham,5,72,40,9
oklahoma,blaine,8,66,40,11
oklahoma,caddo,21,143,40,15
oklahoma,carter,15,165,47,19
oklahoma,cherokee,102,537,48,73
oklahoma,choctaw,62,115,40,23
oklahoma,coal,3,72,40,29
oklahoma,craig,14,113,51,45
oklahoma,custer,22,73,46,33
oklahoma,delaware,53,327,42,45
oklahoma,dewey,4,32,46,41
oklahoma,ellis,3,22,48,139
oklahoma,garvin,29,283,40,49
oklahoma,grant,4,39,55,43
oklahoma,harmon,3,14,40,57
oklahoma,harper,1,3,40,59
oklahoma,haskell,9,60,48,207
oklahoma,hughes,11,71,46,65
oklahoma,jackson,7,68,55,53
oklahoma,jefferson,9,41,55,55
oklahoma,johnston,6,92,40,69
oklahoma,kay,24,71,40,71
oklahoma,kingfisher,8,74,40,73
oklahoma,kiowa,6,33,40,75
oklahoma,latimer,14,118,40,77
oklahoma,love,14,100,40,85
oklahoma,major,4,46,40,93
oklahoma,marshall,25,207,54,51
oklahoma,mayes,42,339,40,97
oklahoma,mccurtain,12,203,40,89
oklahoma,mcintosh,24,201,40,91
oklahoma,murray,3,17,40,99
oklahoma,muskogee,84,354,40,101
oklahoma,noble,8,87,40,103
oklahoma,nowata,7,44,40,105
oklahoma,okfuskee,9,76,40,107
oklahoma,ottawa,23,176,40,115
oklahoma,payne,34,296,40,119
oklahoma,pittsburg,58,417,40,121
oklahoma,pontotoc,27,155,40,123
oklahoma,pottawatomie,44,552,40,125
oklahoma,pushmataha,4,42,40,127
oklahoma,roger mills,4,32,40,129
oklahoma,seminole,26,267,40,133
oklahoma,stephens,16,177,48,429
oklahoma,texas,2,36,40,139
oklahoma,tillman,1,38,40,141
oklahoma,washita,25,75,40,149
oklahoma,woods,0,29,40,151
oklahoma,woodward,11,69,40,153
oregon,benton,21,155,53,5
oregon,clackamas,401,5200,41,5
oregon,columbia6,30,68,55,21
oregon,deschutes,71,721,41,17
oregon,jackson,176,1587,55,53
oregon,josephine6,28,390,41,33
oregon,lane,331,1378,41,39
oregon,linn6,72,926,41,43
oregon,multnomah,124,1527,41,51
oregon,polk,71,270,55,95
oregon,washington,338,2210,55,131
oregon,yamhill,53,477,41,71
oregon,baker,6,67,41,1
oregon,crook,43,189,56,11
oregon,douglas,164,994,55,31
oregon,harney6,6,20,41,25
oregon,hood river,10,116,41,27
oregon,jefferson,13,175,55,55
oregon,lincoln,79,362,56,23
oregon,morrow,28,159,41,49
oregon,tillamook,16,204,41,57
oregon,umatilla,61,401,41,59
oregon,union,6,211,47,173
oregon,wasco,25,90,41,65
pennsylvania,adams,0,0,55,1
pennsylvania,allegheny,2,1,42,3
pennsylvania,allegheny,176,180,42,3
pennsylvania,beaver,3,1,49,1
pennsylvania,berks,0,0,42,11
pennsylvania,blair,1,1,42,13
pennsylvania,bucks,0,1,42,17
pennsylvania,butler,0,0,42,19
pennsylvania,centre,0,0,42,27
pennsylvania,cumberland,0,0,51,49
pennsylvania,erie,0,1,42,49
pennsylvania,lancaster,0,0,51,103
pennsylvania,lycoming,0,0,42,81
pennsylvania,mercer,1,0,54,55
pennsylvania,monroe,0,0,55,81
pennsylvania,montgomery,0,0,51,121
pennsylvania,northampton,0,0,51,131
pennsylvania,pike,0,0,42,103
pennsylvania,washington,1,3,55,131
pennsylvania,westmoreland,0,0,51,193
pennsylvania,wyoming,0,0,54,109
pennsylvania,york,3,0,51,199
pennsylvania,bedford,0,0,51,19
pennsylvania,bradford,0,1,42,15
pennsylvania,clarion,0,0,42,31
pennsylvania,elk,0,1,42,47
pennsylvania,greene,0,0,51,79
pennsylvania,indiana,2,0,42,63
pennsylvania,jefferson,1,0,55,55
pennsylvania,lawrence,0,0,47,99
pennsylvania,northumberland,0,0,51,133
pennsylvania,schuylkill,0,0,42,107
pennsylvania,snyder,2,0,42,109
pennsylvania,tioga,0,0,42,117
pennsylvania,union,0,0,47,173
pennsylvania,warren,0,0,51,187
pennsylvania,wayne,0,0,54,99
south carolina,anderson,738,5257,48,1
south carolina,calhoun,35,257,54,13
south carolina,chester,112,523,47,23
south carolina,darlington,425,1937,45,31
south carolina,fairfield,180,471,45,39
south carolina,florence,470,2423,55,37
south carolina,greenville,1679,8604,45,45
south carolina,horry,2,3,45,51
south carolina,horry,916,7332,45,51
south carolina,kershaw,104,792,45,55
south carolina,lancaster,219,1709,51,103
south carolina,laurens,301,1176,45,59
south carolina,pickens,297,1721,45,77
south carolina,richland,1977,10546,55,103
south carolina,saluda,38,185,45,81
south carolina,spartanburg,1031,5756,45,83
south carolina,sumter,403,1973,45,85
south carolina,union,71,615,47,173
south carolina,york,356,2322,51,199
south carolina,abbeville,25,221,45,1
south carolina,bamberg,10,155,45,9
south carolina,barnwell,87,291,45,11
south carolina,cherokee,101,1243,48,73
south carolina,chesterfield,146,858,51,41
south carolina,clarendon,105,744,45,27
south carolina,dillon,175,675,45,33
south carolina,georgetown,178,1216,45,43
south carolina,greenwood,211,1166,45,47
south carolina,hampton,47,265,45,49
south carolina,lee,60,299,51,105
south carolina,marion,91,608,54,49
south carolina,marlboro,92,437,45,69
south carolina,mccormick,23,105,45,65
south carolina,newberry,47,224,45,71
south carolina,oconee,153,1670,45,73
south carolina,orangeburg,335,2535,45,75
south carolina,williamsburg,126,618,45,89
south dakota,custer,14,61,46,33
south dakota,lincoln,24,256,56,23
south dakota,mccook,3,34,46,87
south dakota,meade,41,102,46,93
south dakota,minnehaha,60,292,46,99
south dakota,pennington,119,389,46,103
south dakota,turner,10,47,46,125
south dakota,union,4,56,47,173
south dakota,bennett,4,4,46,7
south dakota,bon homme,2,1,46,9
south dakota,brookings,12,47,46,11
south dakota,brown,4,29,55,9
south dakota,butte,7,60,46,19
south dakota,charles mix,8,63,46,23
south dakota,clay,3,51,54,15
south dakota,codington,6,29,46,29
south dakota,corson,2,9,46,31
south dakota,davison,3,25,46,35
south dakota,deuel,5,4,46,39
south dakota,edmunds,1,0,46,45
south dakota,hamlin,6,11,46,57
south dakota,hughes,1,7,46,65
south dakota,lake,12,37,47,95
south dakota,lawrence,3,124,47,99
south dakota,marshall,9,29,54,51
south dakota,mcpherson,1,31,46,89
south dakota,moody,2,9,46,101
south dakota,perkins,5,16,46,105
south dakota,roberts,3,6,48,393
south dakota,sanborn,1,12,46,111
south dakota,spink,5,47,46,115
south dakota,tripp,1,5,46,123
south dakota,walworth,0,3,55,127
south dakota,yankton,11,41,46,135
tennessee,anderson,109,607,48,1
tennessee,blount,402,1167,47,9
tennessee,bradley,217,954,47,11
tennessee,campbell,61,584,56,5
tennessee,cannon,29,77,47,15
tennessee,carter,73,612,47,19
tennessee,cheatham,110,556,47,21
tennessee,chester,23,56,47,23
tennessee,crockett,36,100,48,105
tennessee,dickson,111,455,47,43
tennessee,grainger,42,209,47,57
tennessee,hamblen,111,485,47,63
tennessee,hamilton,282,1606,48,193
tennessee,hawkins,74,594,47,73
tennessee,hickman,112,416,47,81
tennessee,jefferson,100,602,55,55
tennessee,knox,722,4010,48,275
tennessee,loudon,76,396,47,105
tennessee,macon,51,162,47,111
tennessee,madison,125,426,51,113
tennessee,marion,66,256,54,49
tennessee,maury,171,458,47,119
tennessee,montgomery,81,801,51,121
tennessee,morgan,54,307,54,65
tennessee,polk,32,373,55,95
tennessee,roane,78,372,54,87
tennessee,robertson,55,271,48,395
tennessee,rutherford,263,771,47,149
tennessee,sequatchie,24,126,47,153
tennessee,shelby,579,2675,48,419
tennessee,smith,26,196,48,423
tennessee,sullivan,315,1185,47,163
tennessee,sumner,127,470,47,165
tennessee,tipton,140,580,47,167
tennessee,unicoi,50,218,47,171
tennessee,union,46,236,47,173
tennessee,washington,184,907,55,131
tennessee,williamson,75,367,48,491
tennessee,wilson,94,791,48,493
tennessee,bedford,81,230,51,19
tennessee,benton,24,162,53,5
tennessee,bledsoe,1,50,47,7
tennessee,carroll,47,161,51,35
tennessee,claiborne,71,391,47,25
tennessee,clay,19,50,54,15
tennessee,cocke,146,565,47,29
tennessee,coffee,77,371,47,31
tennessee,cumberland,26,719,51,49
tennessee,decatur,15,120,47,39
tennessee,dyer,41,290,47,45
tennessee,fentress,24,164,47,49
tennessee,franklin,97,245,53,21
tennessee,gibson,75,224,47,53
tennessee,giles,54,241,51,71
tennessee,greene,174,980,51,79
tennessee,grundy,95,176,47,61
tennessee,hancock,5,61,54,29
tennessee,hardeman,72,177,48,197
tennessee,hardin,57,369,48,199
tennessee,haywood,24,125,47,75
tennessee,henderson,76,297,48,213
tennessee,henry,53,405,51,89
tennessee,houston,12,42,48,225
tennessee,humphreys,35,205,47,85
tennessee,jackson,23,98,55,53
tennessee,johnson,40,210,56,19
tennessee,lake,4,23,47,95
tennessee,lauderdale,61,264,47,97
tennessee,lewis,30,151,54,41
tennessee,lincoln,139,348,56,23
tennessee,marshall,26,99,54,51
tennessee,mcminn,95,650,47,107
tennessee,mcnairy,100,338,47,109
tennessee,meigs,49,295,47,121
tennessee,monroe,174,986,55,81
tennessee,moore,13,80,48,341
tennessee,obion,19,149,47,131
tennessee,overton,8,155,47,133
tennessee,perry,10,74,47,135
tennessee,pickett,9,64,47,137
tennessee,putnam,98,664,54,79
tennessee,rhea,63,306,47,143
tennessee,scott,32,151,51,169
tennessee,sevier,194,1017,49,41
tennessee,stewart,28,120,47,161
tennessee,van buren,7,69,47,175
tennessee,warren,65,327,51,187
tennessee,wayne,22,92,54,99
tennessee,weakley,30,146,47,183
tennessee,white,60,312,47,185
texas,aransas,68,306,48,7
texas,armstrong,5,24,48,11
texas,atascosa,77,441,48,13
texas,austin,13,138,48,15
texas,bandera,31,279,48,19
texas,bastrop,178,726,48,21
texas,bell,70,777,48,27
texas,bexar,620,5985,48,29
texas,bowie,121,438,48,37
texas,brazoria,167,1096,48,39
texas,brazos,38,308,48,41
texas,burleson,22,141,48,51
texas,caldwell,26,183,48,55
texas,callahan,9,42,48,59
texas,cameron,181,946,48,61
texas,carson,9,25,48,65
texas,chambers,93,567,48,71
texas,clay,16,137,54,15
texas,collin,89,375,48,85
texas,comal,178,668,48,91
texas,coryell,21,104,48,99
texas,crosby,1,0,48,107
texas,dallas,43,288,48,113
texas,denton,72,551,48,121
texas,ector,91,1505,48,135
texas,ellis,182,485,48,139
texas,el paso,281,723,48,141
texas,fort bend,819,4018,48,157
texas,galveston,133,901,48,167
texas,goliad,16,92,48,175
texas,grayson,76,504,51,77
texas,gregg,88,470,48,183
texas,guadalupe,67,502,48,187
texas,hardin,52,305,48,199
texas,harris,8994,42894,48,201
texas,hays,145,770,48,209
texas,hidalgo,616,3820,48,215
texas,hood6,104,393,48,221
texas,hudspeth,1,2,48,229
texas,hunt,148,592,48,231
texas,irion,1,24,48,235
texas,jefferson,39,419,55,55
texas,johnson,189,771,56,19
texas,jones,5,68,48,253
texas,kaufman,116,668,48,257
texas,lampasas,13,94,48,281
texas,lubbock,32,522,48,303
texas,medina,52,364,48,325
texas,midland,54,552,48,329
texas,newton,10,79,48,351
texas,nueces,49,168,48,355
texas,oldham,2,23,48,359
texas,orange,90,460,51,137
texas,potter,39,196,48,375
texas,randall,71,277,48,381
texas,robertson6,13,85,48,395
texas,rockwall,22,83,48,397
texas,rusk,98,476,55,107
texas,san patricio,45,305,48,409
texas,smith,252,1829,48,423
texas,somervell,7,74,48,425
texas,tarrant,98,897,48,439
texas,taylor,34,138,55,119
texas,tom green,19,354,48,451
texas,travis,692,3316,48,453
texas,upshur,101,320,54,97
texas,victoria,106,598,48,469
texas,waller,33,295,48,473
texas,webb,39,195,48,479
texas,wichita,12,135,48,485
texas,williamson,184,1492,48,491
texas,wilson,26,233,48,493
texas,wise,93,353,51,195
texas,anderson,48,399,48,1
texas,andrews,13,92,48,3
texas,angelina,93,619,48,5
texas,bailey,2,40,48,17
texas,baylor,0,10,48,23
texas,bee,42,232,48,25
texas,blanco,12,68,48,31
texas,borden,2,18,48,33
texas,bosque,4,77,48,35
texas,brewster,11,14,48,43
texas,briscoe,1,8,48,45
texas,brooks,1,0,48,47
texas,brown,20,149,55,9
texas,burnet,46,213,48,53
texas,calhoun6,22,105,54,13
texas,camp,4,112,48,63
texas,cass,20,265,48,67
texas,castro,3,42,48,69
texas,cherokee,89,469,48,73
texas,childress,3,12,48,75
texas,cochran,5,3,48,79
texas,colorado,36,130,48,89
texas,comanche,2,66,48,93
texas,cooke,48,151,48,97
texas,cottle,0,0,48,101
texas,crane,0,21,48,103
texas,crockett,5,33,48,105
texas,culberson,0,0,48,109
texas,dallam,0,4,48,111
texas,dawson,2,41,48,115
texas,deaf smith,6,55,48,117
texas,delta6,2,24,48,119
texas,dewitt,19,88,48,123
texas,dickens,1,2,48,125
texas,dimmit,17,125,48,127
texas,donley,2,42,48,129
texas,edwards,0,26,48,137
texas,erath,51,118,48,143
texas,fannin,53,164,48,147
texas,fayette,9,122,54,19
texas,floyd,11,38,51,63
texas,foard,0,0,48,155
texas,franklin,25,86,53,21
texas,freestone,10,110,48,161
texas,frio,11,146,48,163
texas,gaines,6,84,48,165
texas,garza,13,61,48,169
texas,gillespie,5,68,48,171
texas,glasscock,4,27,48,173
texas,gonzales,17,117,48,177
texas,gray,11,94,48,179
texas,grimes,27,149,48,185
texas,hale,17,87,48,189
texas,hall,5,6,48,191
texas,hansford,0,11,48,195
texas,harrison,61,620,54,33
texas,hartley,1,12,48,205
texas,haskell,4,19,48,207
texas,hemphill,0,13,48,211
texas,henderson,201,831,48,213
texas,hill,31,247,48,217
texas,hockley,11,54,48,219
texas,hopkins,36,82,48,223
texas,houston,5,131,48,225
texas,howard,31,147,48,227
texas,hutchinson,16,85,48,233
texas,jack,6,47,48,237
texas,jackson,7,50,55,53
texas,jasper,100,312,48,241
texas,jeff davis,4,9,48,243
texas,jim hogg,7,15,48,247
texas,jim wells,112,268,48,249
texas,karnes,13,99,48,255
texas,kenedy,3,3,48,261
texas,kent,0,4,48,263
texas,kerr,34,251,48,265
texas,kimble,3,15,48,267
texas,kinney,5,6,48,271
texas,kleberg,48,65,48,273
texas,knox,1,14,48,275
texas,lamar,29,221,48,277
texas,lamb,6,70,48,279
texas,la salle,11,54,48,283
texas,lavaca,13,67,48,285
texas,lee,25,93,51,105
texas,leon,19,155,48,289
texas,limestone,28,157,48,293
texas,lipscomb,6,14,48,295
texas,live oak,9,134,48,297
texas,llano,9,133,48,299
texas,loving,0,1,48,301
texas,madison,4,64,51,113
texas,marion,59,171,54,49
texas,mason,6,15,54,53
texas,matagorda,71,306,48,321
texas,maverick,48,423,48,323
texas,mcculloch,1,8,48,307
texas,mcmullen,0,24,48,311
texas,menard,1,5,48,327
texas,milam,12,94,48,331
texas,mills,2,22,48,333
texas,mitchell,1,33,48,335
texas,montague,49,126,48,337
texas,moore,9,39,48,341
texas,morris,10,64,48,343
texas,nacogdoches,63,248,48,347
texas,navarro6,55,326,48,349
texas,nolan,6,50,48,353
texas,ochiltree,0,25,48,357
texas,palo pinto,7,108,48,363
texas,panola,43,284,48,365
texas,parmer,1,28,48,369
texas,pecos,6,72,48,371
texas,polk,82,579,55,95
texas,presidio,1,11,48,377
texas,rains,19,94,48,379
texas,reagan,6,58,48,383
texas,real,2,50,48,385
texas,red river,10,69,48,387
texas,reeves,3,100,48,389
texas,refugio,5,20,48,391
texas,roberts,1,6,48,393
texas,runnels,5,19,48,399
texas,sabine,36,123,48,403
texas,san augustine,27,61,48,405
texas,san jacinto,56,466,48,407
texas,schleicher,2,31,48,413
texas,scurry,4,51,48,415
texas,shelby,42,219,48,419
texas,sherman,0,6,48,421
texas,starr,94,292,48,427
texas,stephens,4,22,48,429
texas,sterling,0,0,48,431
texas,stonewall,0,8,48,433
texas,sutton,1,13,48,435
texas,swisher,1,10,48,437
texas,terry,0,45,48,445
texas,throckmorton,2,6,48,447
texas,titus,61,183,48,449
texas,trinity,23,184,48,455
texas,tyler,90,317,54,95
texas,upton,8,20,48,461
texas,uvalde,6,78,48,463
texas,val verde,33,103,48,465
texas,van zandt,0,251,48,467
texas,walker,73,208,48,471
texas,ward,61,113,48,475
texas,washington,26,155,55,131
texas,wharton,78,286,48,481
texas,wheeler,5,30,48,483
texas,wilbarger,3,13,48,487
texas,willacy,53,171,48,489
texas,winkler,2,40,48,495
texas,wood,41,260,55,141
texas,yoakum,5,28,48,501
texas,young,3,22,48,503
texas,zapata,25,258,48,505
texas,zavala,15,64,48,507
utah,box elder,13,191,49,3
utah,cache,28,217,49,5
utah,davis,36,209,49,11
utah,juab,6,63,49,23
utah,salt lake  unified,887,11776,49,35
utah,tooele6,29,265,49,45
utah,utah,56,429,49,49
utah,washington,26,110,55,131
utah,weber,51,1020,49,57
utah,beaver,5,103,49,1
utah,carbon,13,102,56,7
utah,daggett6,0,7,49,9
utah,duchesne,34,305,49,13
utah,iron,26,110,55,51
utah,kane,8,8,49,25
utah,millard,25,191,49,27
utah,rich,3,29,49,33
utah,san juan,5,73,72,127
utah,sanpete,2,108,49,39
utah,sevier,7,137,49,41
utah,summit,34,498,49,43
utah,uintah,40,214,49,47
utah,wasatch,16,79,49,51
vermont,franklin,26,55,53,21
vermont,grand isle,1,38,50,13
vermont,bennington,1,7,50,3
vermont,essex,0,19,51,57
vermont,lamoille,13,51,50,15
vermont,orange,3,10,51,137
vermont,orleans,0,22,50,19
vermont,rutland,3,20,50,21
vermont,washington,0,1,55,131
vermont,windham,1,41,50,25
vermont,windsor,0,7,50,27
virginia,albemarle,100,1261,51,3
virginia,amelia,22,159,51,7
virginia,amherst,40,334,51,9
virginia,appomattox,3,79,51,11
virginia,arlington,359,2913,51,13
virginia,augusta,79,876,51,15
virginia,bedford,64,560,51,19
virginia,botetourt,34,210,51,23
virginia,buckingham,16,128,51,29
virginia,campbell,76,744,56,5
virginia,caroline,39,259,51,33
virginia,charles city,17,54,51,36
virginia,chesterfield,437,6208,51,41
virginia,clarke,4,75,51,43
virginia,craig,0,4,51,45
virginia,culpeper,26,171,51,47
virginia,dinwiddie,59,270,51,53
virginia,fairfax,1048,13925,51,59
virginia,fauquier,43,369,51,61
virginia,floyd,29,103,51,63
virginia,fluvanna,38,135,51,65
virginia,franklin,61,560,53,21
virginia,frederick,90,1143,51,69
virginia,giles,24,81,51,71
virginia,gloucester,29,418,51,73
virginia,greene,15,221,51,79
virginia,hanover,101,1007,51,85
virginia,henrico,556,7677,51,87
virginia,isle of wight,28,259,51,93
virginia,james city,100,1068,51,95
virginia,king william,8,89,51,101
virginia,loudoun,319,2754,51,107
virginia,mathews,2,56,51,115
virginia,montgomery,43,254,51,121
virginia,nelson,25,156,51,125
virginia,new kent,25,205,51,127
virginia,powhatan,13,225,51,145
virginia,prince george,60,398,51,149
virginia,prince william,950,5343,51,153
virginia,pulaski,50,586,51,155
virginia,rappahannock,2,18,51,157
virginia,roanoke,153,1253,51,161
virginia,rockingham,40,367,51,165
virginia,scott,15,195,51,169
virginia,spotsylvania,226,1860,51,177
virginia,stafford,286,1829,51,179
virginia,sussex,16,89,51,183
virginia,warren,30,225,51,187
virginia,washington,57,647,55,131
virginia,york,106,1093,51,199
virginia,accomack,37,312,51,1
virginia,alleghany,9,59,51,5
virginia,bath,3,17,51,17
virginia,bland,3,25,51,21
virginia,brunswick,18,82,51,25
virginia,buchanan,54,300,51,27
virginia,carroll,20,317,51,35
virginia,charlotte,16,105,51,37
virginia,cumberland,12,54,51,49
virginia,dickenson,17,78,51,51
virginia,essex,5,71,51,57
virginia,grayson,13,172,51,77
virginia,greensville,12,84,51,81
virginia,halifax,34,274,51,83
virginia,henry,128,1316,51,89
virginia,highland,1,27,51,91
virginia,king and queen,11,38,51,97
virginia,king george,32,292,51,99
virginia,lancaster,29,87,51,103
virginia,lee,24,256,51,105
virginia,louisa,55,434,51,109
virginia,lunenburg,13,53,51,111
virginia,madison,10,89,51,113
virginia,mecklenburg,53,280,51,117
virginia,middlesex,14,150,51,119
virginia,northampton,7,53,51,131
virginia,northumberland,7,88,51,133
virginia,nottoway,11,80,51,135
virginia,orange,11,144,51,137
virginia,page,24,193,51,139
virginia,patrick,35,248,51,141
virginia,pittsylvania,61,406,51,143
virginia,prince edward,26,87,51,147
virginia,richmond,6,31,51,159
virginia,rockbridge,28,228,51,163
virginia,russell,35,171,51,167
virginia,shenandoah,32,240,51,171
virginia,smyth,18,306,51,173
virginia,southampton,18,179,51,175
virginia,surry,4,33,51,181
virginia,tazewell,41,337,51,185
virginia,westmoreland,9,128,51,193
virginia,wise,42,281,51,195
virginia,wythe,22,141,51,197
washington,asotin,16,147,53,3
washington,benton,60,468,53,5
washington,chelan,32,521,53,7
washington,clark,331,2021,55,19
washington,columbia,18,60,55,21
washington,cowlitz,92,407,53,15
washington,douglas,18,334,55,31
washington,franklin,21,135,53,21
washington,kitsap,380,3163,53,35
washington,pend oreille,16,271,53,51
washington,pierce,1255,8567,55,93
washington,skagit,119,1083,53,57
washington,skamania,6,40,53,59
washington,snohomish,562,6021,53,61
washington,spokane,148,3348,53,63
washington,stevens,22,418,53,65
washington,thurston,264,2178,53,67
washington,walla walla,47,263,53,71
washington,whatcom,150,1189,53,73
washington,yakima,148,1719,53,77
washington,adams,15,150,55,1
washington,clallam,60,581,53,9
washington,ferry,2,18,53,19
washington,garfield,3,36,53,23
washington,grant,99,999,55,43
washington,grays harbor,43,451,53,27
washington,jefferson,28,170,55,55
washington,kittitas,5,213,53,37
washington,klickitat,4,64,53,39
washington,lewis,56,631,54,41
washington,lincoln,1,113,56,23
washington,mason,74,1084,54,53
washington,okanogan,33,166,53,47
washington,pacific,26,168,53,49
washington,san juan,9,168,72,127
washington,wahkiakum,4,54,53,69
washington,whitman,15,53,53,75
west virginia,berkeley,80,668,54,3
west virginia,brooke,3,74,54,9
west virginia,fayette,72,249,54,19
west virginia,hancock,9,47,54,29
west virginia,jefferson,41,300,55,55
west virginia,kanawha,338,1551,54,39
west virginia,marshall,33,93,54,51
west virginia,monongalia,145,357,54,61
west virginia,preston,54,62,54,77
west virginia,putnam,161,375,54,79
west virginia,raleigh,104,535,54,81
west virginia,wirt,4,21,54,105
west virginia,barbour,25,19,54,1
west virginia,calhoun,1,49,54,13
west virginia,doddridge,1,25,54,17
west virginia,greenbrier,2,60,54,25
west virginia,hardy,13,7,54,31
west virginia,harrison,37,198,54,33
west virginia,jackson,88,42,55,53
west virginia,lewis,4,61,54,41
west virginia,logan,133,52,54,45
west virginia,marion,103,108,54,49
west virginia,mason,18,161,54,53
west virginia,mcdowell,4,16,54,47
west virginia,mercer,88,358,54,55
west virginia,mingo,2,2,54,59
west virginia,monroe,2,60,55,81
west virginia,morgan,47,56,54,65
west virginia,nicholas,154,148,54,67
west virginia,randolph,75,129,54,83
west virginia,roane,17,67,54,87
west virginia,summers,18,38,54,89
west virginia,tyler,7,15,54,95
west virginia,upshur,4,74,54,97
west virginia,wetzel,6,24,54,103
west virginia,wyoming,50,80,54,109
wisconsin,brown,76,857,55,9
wisconsin,calumet,18,104,55,15
wisconsin,chippewa,30,272,55,17
wisconsin,columbia,30,217,55,21
wisconsin,dane,65,715,55,25
wisconsin,douglas,11,182,55,31
wisconsin,fond du lac,24,143,55,39
wisconsin,green,3,60,55,45
wisconsin,iowa,22,36,55,49
wisconsin,kenosha,89,346,55,59
wisconsin,kewaunee,22,41,55,61
wisconsin,la crosse,22,155,55,63
wisconsin,marathon,22,271,55,73
wisconsin,milwaukee,63,138,55,79
wisconsin,outagamie,20,244,55,87
wisconsin,ozaukee,9,110,55,89
wisconsin,pierce,11,120,55,93
wisconsin,racine,66,267,55,101
wisconsin,rock,49,348,55,105
wisconsin,sheboygan,36,345,55,117
wisconsin,st. croix,36,294,55,109
wisconsin,washington,10,310,55,131
wisconsin,waukesha,70,382,55,133
wisconsin,winnebago,16,216,55,139
wisconsin,adams,20,236,55,1
wisconsin,ashland,21,26,55,3
wisconsin,barron,4,137,55,5
wisconsin,bayfield,15,125,55,7
wisconsin,buffalo,11,25,55,11
wisconsin,burnett,27,313,55,13
wisconsin,clark,12,83,55,19
wisconsin,crawford,15,107,55,23
wisconsin,dodge,41,162,55,27
wisconsin,door,8,106,55,29
wisconsin,dunn,18,84,55,33
wisconsin,florence,1,71,55,37
wisconsin,forest,22,100,55,41
wisconsin,grant,41,145,55,43
wisconsin,green lake,5,56,55,47
wisconsin,iron,3,72,55,51
wisconsin,jackson,9,190,55,53
wisconsin,jefferson,42,179,55,55
wisconsin,juneau,37,219,55,57
wisconsin,lafayette,14,81,55,65
wisconsin,langlade,6,183,55,67
wisconsin,lincoln,33,90,56,23
wisconsin,manitowoc,35,159,55,71
wisconsin,marinette,13,224,55,75
wisconsin,marquette,11,84,55,77
wisconsin,menominee,0,31,55,78
wisconsin,monroe,6,120,55,81
wisconsin,oneida,41,163,55,85
wisconsin,pepin,6,30,55,91
wisconsin,polk,28,245,55,95
wisconsin,portage,39,183,55,97
wisconsin,price,6,89,55,99
wisconsin,richland,1,15,55,103
wisconsin,rusk,19,38,55,107
wisconsin,sauk,33,365,55,111
wisconsin,sawyer,14,195,55,113
wisconsin,shawano,36,313,55,115
wisconsin,taylor,15,87,55,119
wisconsin,trempealeau,15,133,55,121
wisconsin,vernon,5,70,55,123
wisconsin,vilas,0,154,55,125
wisconsin,walworth,18,174,55,127
wisconsin,washburn,40,125,55,129
wisconsin,waupaca,49,444,55,135
wisconsin,waushara,22,203,55,137
wisconsin,wood,12,160,55,141
wyoming,laramie,78,490,56,21
wyoming,natrona,48,231,56,25
wyoming,albany,10,41,56,1
wyoming,big horn,7,25,56,3
wyoming,campbell,105,134,56,5
wyoming,carbon,8,12,56,7
wyoming,crook,3,20,56,11
wyoming,fremont,16,191,56,13
wyoming,goshen,31,46,56,15
wyoming,hot springs,2,27,56,17
wyoming,johnson,12,24,56,19
wyoming,lincoln,13,57,56,23
wyoming,park,26,64,56,29
wyoming,platte,2,20,56,31
wyoming,sheridan,6,58,56,33
wyoming,sublette,10,81,56,35
wyoming,sweetwater,23,99,56,37
wyoming,uinta,2,78,56,41
wyoming,washakie,4,11,56,43
wyoming,weston,2,2,56,45
